AOAPV	O.id="654"
VPAP	A.id="689496"
VPTPT	V.id="873"
AOAPV	O.id="654"
AOAPV	O.id="654"
PAO	A.id="796231"
AOAPV	O.id="654"
PTP	T.id="3376"
PAPVP	V.id="873"
PTP	T.id="3376"
APTPC	A.id="689496"
VPAP	A.id="689496"
TPCP	C.id="676559"
PCPT	C.id="671625"
PTP	T.id="3376"
TPCP	C.id="676559"
PAPCP	A.id="796231"
AOAPV	O.id="654"
PVPAO	A.id="796231"
VPAP	A.id="796231"
VPAP	A.id="689496"
TPCP	C.id="676559"
VPTPT	V.id="873"
AOAPV	O.id="654"
PTP	T.id="3376"
VPAP	V.id="873"
VPAP	A.id="689496"
AOAPV	O.id="654"
VPAP	A.id="689496"
TPAOA	T.id="3376"
VPAP	A.id="689496"
AOAPV	O.id="37"
VPAP	A.id="796231"
VPAP	A.id="689496"
TPCP	C.id="676559"
PTP	T.id="3376"
VPCPC	V.id="873"
VPTPT	V.id="873"
PTP	T.id="3376"
AOAPV	O.id="654"
AOAPV	O.id="654"
VPTPT	V.id="873"
VPTPT	V.id="10294"
PTP	T.id="3376"
AOAPV	O.id="654"
VPTPT	V.id="873"
AOAPV	O.id="37"
TPCP	C.id="676559"
APAPT	T.id="3376"
AOAPV	O.id="654"
VPAP	A.id="689496"
OAPAP	O.id="654"
AOAPA	O.id="654"
TPCP	C.id="671625"
PTP	T.id="3376"
AOAPV	O.id="654"
PTP	T.id="3376"
PTPAO	O.id="654"
VPAP	A.id="689496"
VPAP	A.id="689496"
AOAP	O.id="37"
PTP	T.id="6034"
TPCP	C.id="671625"
APAPT	T.id="3376"
PAO	A.id="689496"
TPTPC	C.id="676559"
TPCP	C.id="671625"
AOAPV	O.id="192"
APT	A.id="796231"
AOAPV	O.id="654"
TPAPC	T.id="3376"
PCPT	C.id="676559"
VPTPT	V.id="873"
TPCP	C.id="671625"
AOAPV	O.id="654"
AOAPV	O.id="654"
PTP	T.id="3376"
CPVPA	C.id="669844"
AOAPC	O.id="654"
PTPAO	O.id="654"
AOAPV	O.id="654"
PTP	T.id="3376"
AOAPA	O.id="654"
AOAPV	O.id="654"
PTP	T.id="6034"
VPTPT	V.id="873"
CPAO	A.id="796231"
PTPAO	O.id="654"
VPTPT	V.id="873"
CPAO	A.id="796231"
VPTPT	V.id="873"
TPCP	C.id="671625"
PTP	T.id="3376"
AOAPV	O.id="654"
VPTPT	V.id="873"
TPTPC	C.id="676559"
VPAP	A.id="689496"
VPTPT	V.id="873"
PCPT	C.id="676559"
VPAP	A.id="796231"
TPCP	C.id="669844"
AOAPA	O.id="654"
CPVPA	C.id="671625"
TPCP	C.id="676559"
VPTPT	V.id="873"
VPAP	A.id="796231"
PTP	T.id="3376"
AOAPV	O.id="654"
TPCP	C.id="676559"
VPAP	A.id="796231"
PTP	T.id="3376"
PAO	A.id="689496"
PTP	T.id="3376"
VPAP	A.id="689496"
TPCP	C.id="647423"
AOAPA	O.id="654"
VPAP	A.id="689496"
VPAP	A.id="689496"
VPAP	A.id="796231"
VPAP	A.id="689496"
CPAO	A.id="689496"
VPTPT	V.id="873"
PTP	T.id="3376"
AOAPV	O.id="654"
AOAPV	O.id="654"
AOAPV	O.id="654"
VPAP	A.id="689496"
PTP	T.id="3376"
VPAP	A.id="689496"
AOAPV	O.id="654"
TPCP	C.id="647423"
VPTPT	V.id="873"
PTP	T.id="3376"
VPT	V.id="873"
PTP	T.id="3376"
CPAO	A.id="689496"
VPTPT	V.id="873"
VPTPT	V.id="873"
AOAPV	O.id="37"
PAPCP	A.id="689496"
AOAPV	O.id="654"
CPTP	T.id="3376"
AOAPV	O.id="37"
APAPT	T.id="3376"
TPCP	C.id="676559"
PAPT	T.id="3376"
TPTPC	C.id="676559"
PTPAO	O.id="37"
APAPT	T.id="3376"
TPA	T.id="3376"
TPCP	C.id="676559"
TPCP	C.id="676559"
AOAPV	O.id="654"
PTP	T.id="3376"
AOAPV	O.id="654"
CPVPV	C.id="671625"
PTP	T.id="3376"
PTP	T.id="6034"
AOAPV	O.id="654"
PTP	T.id="3376"
PTP	T.id="6034"
VPTPT	V.id="873"
OAPV	V.id="873"
PTP	T.id="3376"
PTP	T.id="3376"
AOAPA	O.id="654"
VPAP	A.id="689496"
VPTPT	V.id="873"
PTP	T.id="3376"
AOAPV	O.id="654"
APCPT	T.id="254"
TPCP	C.id="676559"
TPAP	A.id="689496"
CPV	C.id="676559"
VPAP	A.id="689496"
VPAP	A.id="689496"
PVPAO	A.id="689496"
PTP	T.id="6034"
AOAPV	O.id="654"
VPAP	A.id="689496"
TPCP	C.id="676559"
PTP	T.id="3376"
AOAPV	O.id="654"
PTP	T.id="3376"
PTP	T.id="6034"
PTP	T.id="3376"
TPCP	C.id="676559"
OAPV	O.id="654"
PTPAO	O.id="654"
TPCP	C.id="676559"
PTP	T.id="3376"
VPCPC	V.id="873"
PTPAO	O.id="654"
AOAPV	O.id="37"
PAO	A.id="796231"
AOAP	O.id="654"
PTP	T.id="3376"
TPCP	C.id="671625"
AOAPV	O.id="192"
PAO	A.id="689496"
APCP	A.id="689496"
OAPT	A.id="689496"
PTP	T.id="254"
AOAPV	O.id="654"
VPTPT	V.id="873"
AOAPV	O.id="192"
PTP	T.id="3376"
VPTPT	V.id="873"
VPTPT	V.id="873"
AOAPA	O.id="654"
VPAP	A.id="689496"
AOAPV	O.id="654"
VPTPT	V.id="873"
TPCP	C.id="720270"
APCPT	T.id="3376"
AOAPV	O.id="654"
AOAPA	O.id="654"
AOAPV	O.id="654"
VPTPT	V.id="873"
VPAP	A.id="689496"
TPCP	C.id="676559"
TPCP	C.id="669844"
AOAPV	O.id="654"
APVPC	A.id="689496"
VPAP	A.id="689496"
VPTPA	T.id="3376"
TPCP	C.id="647423"
VPAP	A.id="689496"
PTP	T.id="254"
PTP	T.id="3376"
PAO	A.id="796231"
AOAPV	O.id="654"
PTP	T.id="3376"
VPAP	A.id="689496"
VPAP	A.id="796231"
PCPT	C.id="676559"
TPCP	C.id="671625"
TPCP	C.id="676559"
PVPAO	A.id="689496"
APAPT	T.id="3376"
PTP	T.id="3376"
PTP	T.id="3376"
VPCPC	V.id="873"
AOAPV	O.id="654"
PTP	T.id="3376"
VPAP	A.id="689496"
TPCP	C.id="676559"
VPTPT	V.id="873"
PCPT	C.id="676559"
AOAPV	O.id="654"
TPCP	C.id="647423"
VPAP	A.id="796231"
AOAPV	O.id="654"
VPAP	A.id="689496"
AOAPV	O.id="654"
VPTPT	V.id="873"
TPCP	C.id="720270"
CPCPV	V.id="873"
PAO	A.id="689496"
VPAP	A.id="796231"
AOAPV	O.id="37"
VPAP	A.id="689496"
APAPT	T.id="3376"
TPCP	C.id="676559"
PTP	T.id="3376"
PTP	T.id="3376"
AOAPT	O.id="654"
AOAPV	O.id="654"
AOAPV	O.id="37"
PVPA	V.id="873"
AOAP	O.id="654"
PCPT	C.id="676559"
APVPC	A.id="689496"
AOAPA	O.id="654"
APAPT	T.id="254"
AOAPA	O.id="654"
APAPT	T.id="3376"
TPAOA	T.id="3376"
AOAPV	O.id="654"
PCPT	C.id="671625"
VPAP	A.id="689496"
VPAP	A.id="689496"
TPCP	C.id="676559"
PCPT	C.id="676559"
VPTPT	V.id="873"
VPTPT	V.id="873"
TPCP	C.id="676559"
TPCP	C.id="676559"
VPAP	A.id="689496"
TPA	T.id="3376"
TPVPC	T.id="3376"
AOAPV	O.id="654"
TPCP	C.id="676559"
APCPT	T.id="6034"
AOAPA	O.id="654"
AOAPV	O.id="654"
AOAPV	O.id="654"
AOAPT	O.id="654"
VPAP	A.id="689496"
VPAP	A.id="689496"
PTPAO	O.id="654"
PTP	T.id="3376"
OAPV	O.id="654"
PTP	T.id="3376"
TPCP	C.id="676559"
TPCP	C.id="676559"
VPAP	A.id="796231"
PTP	T.id="3376"
CPV	V.id="10294"
PTP	T.id="6034"
AOAPC	O.id="192"
AOAPV	O.id="654"
VPAP	A.id="689496"
AOAPV	O.id="654"
AOAPV	O.id="654"
VPAP	A.id="796231"
PTP	T.id="3376"
CPAP	C.id="676559"
TPCP	C.id="676559"
VPTPT	V.id="4075"
AOAPV	O.id="654"
VPAP	A.id="689496"
VPAP	A.id="689496"
TPCP	C.id="676559"
CPAOA	O.id="654"
TPAPC	T.id="3376"
PCPV	V.id="873"
AOAPV	O.id="654"
PAPT	T.id="3376"
PTPAO	O.id="654"
VPTPT	V.id="873"
PTP	T.id="3376"
VPTPT	V.id="873"
VPAP	A.id="689496"
TPCP	C.id="676559"
VPTPT	V.id="873"
VPTPT	V.id="873"
TPCP	C.id="671625"
PCPT	C.id="671625"
TPCP	C.id="671625"
VPAP	A.id="796231"
PTP	T.id="3376"
PCPT	C.id="671625"
TPCP	C.id="647423"
VPAP	A.id="689496"
PVPAO	A.id="796231"
TPAOA	O.id="37"
PTP	T.id="3376"
TPCP	C.id="671625"
VPAP	A.id="689496"
PTPAO	O.id="654"
PAO	O.id="654"
PTP	T.id="3376"
PTP	T.id="3376"
VPAP	A.id="689496"
TPCP	C.id="647423"
CPVPA	A.id="689496"
PVPAO	A.id="689496"
VPCPC	V.id="873"
VPAP	A.id="689496"
AOAPV	O.id="654"
TPCP	C.id="676559"
PTPAO	O.id="654"
TPCP	C.id="647423"
AOAPA	O.id="654"
PAPT	T.id="3376"
PTPAO	O.id="37"
CPAP	C.id="676559"
TPCP	C.id="676559"
OAP	A.id="796231"
VPAP	A.id="689496"
TPA	T.id="6034"
PVPAO	A.id="689496"
PTP	T.id="3376"
AOAPV	O.id="504"
VPTPT	V.id="873"
CPVPV	C.id="676559"
AOAPV	O.id="654"
APVPC	V.id="873"
VPAP	A.id="689496"
VPTPT	V.id="873"
VPAP	A.id="689496"
PCPT	C.id="676559"
AOAPV	O.id="654"
TPAPC	C.id="676559"
TPCP	C.id="720270"
PTP	T.id="3376"
TPCP	C.id="676559"
VPTPT	V.id="873"
TPCP	C.id="676559"
VPAP	A.id="689496"
AOAPV	O.id="654"
VPAP	A.id="689496"
PTP	T.id="3376"
PTP	T.id="3376"
CPTPA	C.id="669844"
VPAP	A.id="689496"
VPAP	A.id="689496"
PTPAO	O.id="654"
VPAP	A.id="689496"
VPAP	A.id="689496"
VPTPT	V.id="873"
PAPCP	A.id="689496"
AOAPV	O.id="654"
TPCP	C.id="676559"
AOAPV	O.id="654"
PCPT	C.id="671625"
PVPAO	A.id="689496"
PTPAO	O.id="37"
AOAPV	O.id="654"
CPTPA	C.id="676559"
PVPAO	A.id="689496"
VPTPT	V.id="873"
VPAP	A.id="689496"
VPAP	A.id="689496"
APAPT	T.id="3376"
TPCP	C.id="671625"
PTP	T.id="3376"
VPAP	A.id="796231"
APAPT	T.id="3376"
VPCPC	V.id="873"
AOAPV	O.id="654"
CPAP	C.id="676559"
PTP	T.id="3376"
AOAPV	O.id="654"
VPCPC	V.id="873"
AOAPA	O.id="654"
TPAPC	T.id="3376"
PCPT	C.id="676559"
PTP	T.id="3376"
AOAPT	O.id="654"
VPAP	A.id="689496"
AOAPV	O.id="37"
OAPAP	O.id="654"
VPAP	A.id="796231"
PAPT	T.id="3376"
PTPAO	O.id="654"
TPCP	C.id="671625"
TPCP	C.id="676559"
CPVPA	A.id="689496"
PTP	T.id="3376"
VPTPT	V.id="873"
AOAPV	O.id="654"
AOAPV	O.id="654"
CPVPA	C.id="676559"
VPAP	A.id="796231"
AOAPV	O.id="654"
AOAPV	O.id="192"
TPCP	C.id="676559"
APVPC	V.id="873"
AOAPA	O.id="654"
APAPT	T.id="6034"
PAO	A.id="689496"
TPCP	C.id="676559"
CPAP	C.id="676559"
APAPT	T.id="3376"
VPTPT	V.id="873"
APAPT	T.id="3376"
APAPT	T.id="3376"
AOAPA	O.id="192"
VPAP	A.id="689496"
TPCP	C.id="671625"
AOAPV	O.id="654"
TPA	T.id="3376"
AOAP	O.id="654"
CPAO	A.id="689496"
AOAPA	O.id="654"
TPA	T.id="6034"
PCPT	C.id="671625"
PVPAO	A.id="689496"
VPTPT	V.id="873"
PCPT	C.id="676559"
PCPT	C.id="647423"
PCPT	C.id="676559"
AOAPV	O.id="654"
AOAPV	O.id="37"
PAO	A.id="689496"
AOAPA	O.id="654"
TPCP	C.id="676559"
AOAPV	O.id="37"
APAPT	T.id="254"
AOAPV	O.id="654"
TPCP	C.id="676559"
CPV	C.id="676559"
VPAP	A.id="796231"
TPAOA	T.id="3376"
TPCP	C.id="671625"
PTPAO	O.id="654"
AOAPV	O.id="654"
AOAPV	O.id="504"
PTP	T.id="3376"
TPCP	C.id="676559"
PTP	T.id="3376"
PVPAO	A.id="689496"
PTP	T.id="6034"
AOAPA	O.id="654"
PTP	T.id="3376"
AOAPA	O.id="654"
VPAP	A.id="796231"
PCPT	C.id="676559"
